{"cameraMode":{"drawMode":0,"name":"Shaded","section":"Shading Mode"},"sceneLighting":false,"audioPlay":false,"sceneViewState":{"showFog":true,"showMaterialUpdate":false,"showSkybox":false,"showFlares":true,"showImageEffects":true,"showParticleSystems":true},"in2DMode":false,"pivot":{"x":5.691819190979004,"y":-0.6223230957984924,"z":-1.8723523616790772},"rotation":{"x":-0.013025138527154923,"y":0.9670194387435913,"z":-0.2493014931678772,"w":-0.050523485988378528},"size":12.064129829406739,"orthographic":false}