{"cameraMode":{"drawMode":0,"name":"Shaded","section":"Shading Mode"},"sceneLighting":true,"audioPlay":false,"sceneViewState":{"showFog":true,"showMaterialUpdate":false,"showSkybox":true,"showFlares":true,"showImageEffects":true,"showParticleSystems":true},"in2DMode":false,"pivot":{"x":0.19604873657226563,"y":-0.3955368995666504,"z":-1.4224729537963868},"rotation":{"x":-0.013025138527154923,"y":0.9670194387435913,"z":-0.2493014931678772,"w":-0.050523485988378528},"size":12.064129829406739,"orthographic":false}